USE `coopetico-dev`;
SET SQL_MODE='ALLOW_INVALID_DATES';
DELETE FROM taxista;
DELETE FROM taxi;
DELETE FROM cliente;
DELETE FROM operador;
DELETE FROM usuario;
DELETE FROM permisos_grupo;
DELETE FROM grupo;
DELETE FROM permiso;
DELETE FROM viaje;
DELETE FROM token_recuperacion_contrasena;

INSERT INTO permiso VALUES
 (100, 'Pedir viaje'),
 (101, 'Ver taxis cerca'),
 (102, 'Editar perfil'),
 (103, 'Calificar viaje'),
 (104, 'Ingresar monto'),
 (200, 'Tomar vijae'),
 (300, 'Agregar taxi'),
 (301, 'Agregar taxista'),
 (302, 'Borrar taxi'),
 (303, 'Borrar taxista'),
 (304, 'Editar taxi'),
 (305, 'Editar taxista'),
 (306, 'Asignar taxista a taxi'),
 (307, 'Borrar usuario cliente'),
 (308, 'Asignar rol a usuario'),
 (309, 'Ver historial de viajes de un taxista'),
 (310, 'Consultar taxis'),
 (311, 'Consultar taxista'),
 (400, 'Agregar administrativo'),
 (401, 'Borrar administrativo'),
 (402, 'Editar permiso'),
 (403, 'Agregar grupo de permisos'),
 (404, 'Consultar permisos'),
 (405, 'Asignar permisos'),
 (500, 'Consultar viajes');

INSERT INTO grupo VALUES
('Cliente'),
('Taxista'),
('Administrativo'),
('Telefonista'),
('Gerente');

INSERT INTO permisos_grupo VALUES
(100, 'Cliente'),
(101, 'Cliente'),
(102, 'Cliente'),
(103, 'Cliente'),
(104, 'Cliente'),
(200, 'Taxista'),
(300, 'Administrativo'),
(301, 'Administrativo'),
(302, 'Administrativo'),
(303, 'Administrativo'),
(304, 'Administrativo'),
(305, 'Administrativo'),
(306, 'Administrativo'),
(307, 'Administrativo'),
(308, 'Administrativo'),
(309, 'Administrativo'),
(311, 'Administrativo'),
(400, 'Administrativo'),
(500, 'Administrativo'),
(300, 'Gerente'),
(301, 'Gerente'),
(302, 'Gerente'),
(303, 'Gerente'),
(304, 'Gerente'),
(305, 'Gerente'),
(306, 'Gerente'),
(307, 'Gerente'),
(308, 'Gerente'),
(309, 'Gerente'),
(310, 'Gerente'),
(311, 'Gerente'),
(400, 'Gerente'),
(401, 'Gerente'),
(402, 'Gerente'),
(403, 'Gerente'),
(404, 'Gerente'),
(405, 'Gerente'),
(500, 'Gerente');

-- La contrase침a es contrasenna para todos
INSERT INTO usuario VALUES
('carlos.vargas12312@gmail.com', 'Carlos', 'Vargas','Artavia', '89904578', '$2a$10$gJ0hUnsEvTp5zyBVo19IHe.GoYKkL3Wy268wGJxG5.k.tUFhSUify', 'foto', 'Cliente',TRUE),
('juanmanuel1233@gmail.com', 'Manuel', 'Sanchez','Perez', '89082334', '$2a$10$gJ0hUnsEvTp5zyBVo19IHe.GoYKkL3Wy268wGJxG5.k.tUFhSUify', 'foto', 'Cliente',TRUE),
('kevinJimMej@gmail.com', 'Kevin', 'Jimenez','Mejia', '73456327', '$2a$10$gJ0hUnsEvTp5zyBVo19IHe.GoYKkL3Wy268wGJxG5.k.tUFhSUify', 'foto', 'Taxista',TRUE),
('carlaMerZar@gmail.com', 'Carla', 'Merina','Zaravia', '62028743', '$2a$10$gJ0hUnsEvTp5zyBVo19IHe.GoYKkL3Wy268wGJxG5.k.tUFhSUify', 'foto', 'Taxista',TRUE),
('danielOduber@gmail.com', 'Daniel', 'Uber','Carillo', '84831321', '$2a$10$gJ0hUnsEvTp5zyBVo19IHe.GoYKkL3Wy268wGJxG5.k.tUFhSUify', 'foto', 'Taxista',TRUE),
('federicoCastro@gmail.com', 'Federico', 'Castro','Madriz', '64009097', '$2a$10$gJ0hUnsEvTp5zyBVo19IHe.GoYKkL3Wy268wGJxG5.k.tUFhSUify', 'foto', 'Taxista',TRUE),
('alejando1605@gmail.com', 'Alejandor', 'Fernandez','Gaga', '87343212', '$2a$10$gJ0hUnsEvTp5zyBVo19IHe.GoYKkL3Wy268wGJxG5.k.tUFhSUify', 'foto', 'Administrativo',TRUE),
('mariaSancho@gmail.com', 'Maria', 'Sanchez','Pereira', '87879034', '$2a$10$gJ0hUnsEvTp5zyBVo19IHe.GoYKkL3Wy268wGJxG5.k.tUFhSUify', 'foto', 'Gerente',TRUE);

INSERT INTO taxista VALUES
('kevinJimMej@gmail.com', '0', 1, 1, 5, 'justificaci칩n', '2019-05-01'),
('carlaMerZar@gmail.com', '0', 1, 1, 5, 'justificaci칩n', '2019-05-01'),
('danielOduber@gmail.com', '0', 1, 1, 5, '', '2019-05-01'),
('federicoCastro@gmail.com', '0', 0, 1, 5, 'Cobro de m치s a un cliente', '2019-05-01');

INSERT INTO taxi VALUES
('AAA111', 1, '11111111', 'A', 'normal', now(), now(), now(),TRUE,NULL,'kevinJimMej@gmail.com'),
('BBB111', 1, '11111111', 'A', 'normal', now(), now(), now(),TRUE,NULL,'carlaMerZar@gmail.com');

Insert INTO conduce VALUES
('kevinJimMej@gmail.com', 'AAA111'),
('carlaMerZar@gmail.com', 'AAA111');

INSERT INTO cliente VALUES
('carlos.vargas12312@gmail.com'),
('juanmanuel1233@gmail.com');

INSERT INTO operador VALUES
('alejando1605@gmail.com'),
('mariaSancho@gmail.com');

INSERT INTO viaje VALUES
('AAA111', now(), now(), '5000', 0, '', '', 'kevinJimMej@gmail.com', '', '', 'carlos.vargas12312@gmail.com', 'alejando1605@gmail.com'),
('BBB111', now(), now(), '5000', 0, '', '', 'carlaMerZar@gmail.com', '', '', 'juanmanuel1233@gmail.com', 'alejando1605@gmail.com');
        
INSERT INTO token_recuperacion_contrasena VALUES ('carlos.vargas12312@gmail.com', 'tokenGenerado2', '2019-07-07');
INSERT INTO token_recuperacion_contrasena VALUES ('mariaSancho@gmail.com', 'tokenGenerado', '2019-04-04');